[
  {
    "img": "https://oir.rice.edu/sites/g/files/bxs1496/f/styles/image_16_9__1920x1080_/public/heroslides/lovett-backdrop-crop.jpg?itok=bXLrGPQf",
    "text": "Lorem ipsum dolor sit amet, consectetur adipiscing elit, sed do eiusmod tempor incididunt ut la bore et dolore magna aliqua.",
    "comment": ["exellent", "hahahahahah", "how are you!", "hello!"],
    "time": "2018-10-1 17:24:00",
    "author": "yuan"
  },
  {
    "img": "https://i.gadgets360cdn.com/large/spider-man-ps4_1535098864166.jpg",
    "text": "Vivamus interdum rutrum elit, sed aliquet tellus tristique eu. Morbi libero ipsum, mattis a luctus vitae, tincidunt quis dolor.",
    "comment": ["exellent", "hahahahahah", "how are you!", "hello!"],
    "time": "2018-9-2 03:36:00",
    "author": "mengxiao"
  },
  {
    "img": "",
    "text": "Nam tincidunt lacus sit amet leo vehicula, ac commodo elit molestie. Vivamus placerat felis eget diam vestibulum, at interdum enim pulvinar. ",
    "comment": ["exellent", "hahahahahah", "how are you!", "hello!"],
    "time": "2018-10-3 23:44:00",
    "author": "rice"
  },
  {
    "img": "",
    "text": "Praesent hendrerit nec lectus eu ullamcorper. Nam at nulla at felis tincidunt semper nec eget odio. Fusce viverra lorem iaculis, congue tortor sit amet, eleifend ante",
    "comment": ["exellent", "hahahahahah", "how are you!", "hello!"],
    "time": "2018-9-29 13:10:00",
    "author": "sysu"
  },
  {
    "img": "https://communityimpact.com/wp-content/uploads/2018/04/Houston-skyline.jpg",
    "text": "Nulla laoreet diam nec tempus bibendum. Quisque pulvinar luctus imperdiet. Morbi eu aliquet massa.",
    "comment": ["exellent", "hahahahahah", "how are you!", "hello!"],
    "time": "2018-9-29 13:24:00",
    "author": "hahah"
  },
  {
    "img": "",
    "text": "Lorem ipsum dolor sit amet, consectetur adipiscing elit, sed do eiusmod tempor incididunt ut la bore et dolore magna aliqua.",
    "comment": ["exellent", "hahahahahah", "how are you!", "hello!"],
    "time": "2018-10-3 17:34:50",
    "author": "yuan"
  },
  {
    "img": "https://oir.rice.edu/sites/g/files/bxs1496/f/styles/image_16_9__1920x1080_/public/heroslides/lovett-backdrop-crop.jpg?itok=bXLrGPQf",
    "text": "Nam tincidunt lacus sit amet leo vehicula, ac commodo elit molestie. Vivamus placerat felis eget diam vestibulum, at interdum enim pulvinar. ",
    "comment": ["exellent", "hahahahahah", "how are you!", "hello!"],
    "time": "2018-10-2 20:42:00",
    "author": "mack"
  },
  {
    "img": "https://www.freevector.com/uploads/vector/preview/1485/FreeVector-Apple-Devices-Vector.jpg",
    "text": "Sed ultrices venenatis dolor nec tincidunt. Praesent pellentesque arcu arcu, at porttitor sem ornare ut. Nulla laoreet diam nec tempus bibendum.",
    "comment": ["exellent", "hahahahahah", "how are you!", "hello!"],
    "time": "2018-10-2 10:24:00",
    "author": "he"
  },
  {
    "img": "https://www.freevector.com/uploads/vector/preview/1485/FreeVector-Apple-Devices-Vector.jpg",
    "text": "Sed ultrices venenatis dolor nec tincidunt. Praesent pellentesque arcu arcu, at porttitor sem ornare ut. Nulla laoreet diam nec tempus bibendum.",
    "comment": ["exellent", "hahahahahah", "how are you!", "hello!"],
    "time": "2018-10-2 7:24:00",
    "author": "messi"
  },
  {
    "img": "",
    "text": "There are many variations of passages of Lorem Ipsum available, but the majority have suffered alteration in some form, by injected humour.",
    "comment": ["exellent", "hahahahahah", "how are you!", "hello!"],
    "time": "2018-10-2 14:54:00",
    "author": "Mayday"
  },
  {
    "img": "",
    "text": "or randomised words which don't look even slightly believable. If you are going to use a passage of Lorem Ipsum.",
    "comment": ["exellent", "hahahahahah", "how are you!", "hello!"],
    "time": "2018-10-2 20:24:00",
    "author": "yuan"
  }
]
