[
  {
    "accountName": "rice",
    "followings": [
      {
        "accountName": "mack",
        "headline": "Here is COMP531",
        "displayName": "mack",
        "portrait": "http://www.fullcolortransfer.com/images/2014/07/02/2010-Pres%20Rice%20Owls%20Misc%20Logo%20Iron%20On%20Sticker%20(Heat%20Transfer).png"
      },
      {
        "accountName": "yuan",
        "headline": "Here is YuanHE",
        "displayName": "dreamer_he",
        "portrait": "https://riceowls.com/images/2017/5/1/rice-full-owl.jpg"
      }
    ]
  },
  {
    "accountName": "mengxiao",
    "followings": [
      {
        "accountName": "yuan",
        "headline": "Here is YuanHE",
        "displayName": "dreamer_he",
        "portrait": "https://riceowls.com/images/2017/5/1/rice-full-owl.jpg"
      },
      {
        "accountName": "sysu",
        "headline": "Here is sysu",
        "displayName": "sysu",
        "portrait": "https://upload.wikimedia.org/wikipedia/commons/thumb/b/bc/Rice_Owls_logo.svg/1200px-Rice_Owls_logo.svg.png"
      }
    ]
  },
  {
    "accountName": "mack",
    "followings": [
      {
        "accountName": "yuan",
        "headline": "Here is YuanHE",
        "displayName": "dreamer_he",
        "portrait": "https://riceowls.com/images/2017/5/1/rice-full-owl.jpg"
      },
      {
        "accountName": "rice",
        "headline": "Here is ricebook",
        "displayName": "rice",
        "portrait": "https://i.ytimg.com/vi/haoytTpv2NU/maxresdefault.jpg"
      }
    ]
  },
  {
    "accountName": "yuan",
    "followings": [
      {
        "accountName": "rice",
        "headline": "Here is ricebook",
        "displayName": "rice",
        "portrait": "https://i.ytimg.com/vi/haoytTpv2NU/maxresdefault.jpg"
      },
      {
        "accountName": "sysu",
        "headline": "Here is sysu",
        "displayName": "sysu",
        "portrait": "https://upload.wikimedia.org/wikipedia/commons/thumb/b/bc/Rice_Owls_logo.svg/1200px-Rice_Owls_logo.svg.png"
      },
      {
        "accountName": "mack",
        "headline": "Here is COMP531",
        "displayName": "mack",
        "portrait": "http://www.fullcolortransfer.com/images/2014/07/02/2010-Pres%20Rice%20Owls%20Misc%20Logo%20Iron%20On%20Sticker%20(Heat%20Transfer).png"
      },
      {
        "accountName": "mengxiao",
        "headline": "London is a beautiful place",
        "displayName": "mengxiao",
        "portrait": "https://upload.wikimedia.org/wikipedia/commons/thumb/b/bc/Rice_Owls_logo.svg/1200px-Rice_Owls_logo.svg.png"
      }
    ]
  },
  {
    "accountName": "sysu",
    "followings": [
      {
        "accountName": "yuan",
        "headline": "Here is YuanHE",
        "displayName": "dreamer_he",
        "portrait": "https://riceowls.com/images/2017/5/1/rice-full-owl.jpg"
      },
      {
        "accountName": "mengxiao",
        "headline": "London is a beautiful place",
        "displayName": "mengxiao",
        "portrait": "https://upload.wikimedia.org/wikipedia/commons/thumb/b/bc/Rice_Owls_logo.svg/1200px-Rice_Owls_logo.svg.png"
      }
    ]
  },
  {
    "accountName": "hahah",
    "followings": [
      {
        "accountName": "mack",
        "headline": "Here is COMP531",
        "displayName": "mack",
        "portrait": "http://www.fullcolortransfer.com/images/2014/07/02/2010-Pres%20Rice%20Owls%20Misc%20Logo%20Iron%20On%20Sticker%20(Heat%20Transfer).png"
      },
      {
        "accountName": "yuan",
        "headline": "Here is YuanHE",
        "displayName": "dreamer_he",
        "portrait": "https://riceowls.com/images/2017/5/1/rice-full-owl.jpg"
      }
    ]
  }
]
